<page
  xmlns="http://schemas.nativescript.org/tns.xsd"
  xmlns:drawer="nativescript-telerik-ui/sidedrawer"
  xmlns:widgets="shared/widgets"
  xmlns:statusbar="nativescript-statusbar"
  loaded="pageLoaded">

  <statusbar:StatusBar ios:barStyle="light" />

  <page.actionBar>
    <action-bar title="NativeScript">
      <navigation-button icon="res://ic_menu" tap="toggleDrawer" ios:visibility="collapsed" />
      <action-bar.actionItems>
        <ios>
          <action-item icon="res://ic_menu" ios.position="left" tap="toggleDrawer" />
        </ios>
      </action-bar.actionItems>
      <action-item icon="res://ic_menu" ios.position="left" tap="toggleSearch" />
    </action-bar>
  </page.actionBar>

  <drawer:rad-side-drawer id="drawer">
    <drawer:rad-side-drawer.mainContent>
      <!-- Home page contents -->
      <GridLayout col="*,*" row="*" loaded="contentLoaded" >
        <StackLayout  col="1">
          <image src="https://i.imgur.com/LY3cb3A.png" id="logo" tap="fun" height="100" margin="20 0 0 0" />
          <label text="Welcome to the NativeScript drawer template! This is the home page. Try tapping the logo." margin="20" horizontalAlignment="center" textWrap="true" />
          <label text="{{source}}" margin="20" horizontalAlignment="center" textWrap="true" style="color:red"/>
          <button text="page" tap="changePage" />
        </StackLayout>
        <AbsoluteLayout id="search" col="0" row="0" visibility="{{searchShow ? 'visible' : 'collapsed'}}" >
          <Label text="This is Label 1" left="30" top="70" />
        </AbsoluteLayout>
      </GridLayout>

    </drawer:rad-side-drawer.mainContent>
    <drawer:rad-side-drawer.drawerContent>
      <widgets:drawer-content />
    </drawer:rad-side-drawer.drawerContent>
  </drawer:rad-side-drawer>

</page>
