<grid-layout class="drawer-content">
  <stack-layout>
    <stack-layout class="{{dataDrawer}}">
      <label text="Home" tap="navigate" class="{{ selectedPage == 'home' ? 'selected' : '' }}" />
      <label text="About" tap="navigate" class="{{ selectedPage == 'about' ? 'selected' : '' }}" />
      <label text="Settings" tap="navigate" class="{{ selectedPage == 'settings' ? 'selected' : '' }}" />
    </stack-layout>
    <stack-layout class="{{dataDrawerLeft}}">
      <label text="hghjk" tap="navigate" class="{{ selectedPage == 'home' ? 'selected' : '' }}" />
      <label text="hghjk" tap="navigate" class="{{ selectedPage == 'about' ? 'selected' : '' }}" />
      <label text="hghjk" tap="navigate" class="{{ selectedPage == 'settings' ? 'selected' : '' }}" />
    </stack-layout>
  </stack-layout>
</grid-layout>
