<page
  xmlns="http://schemas.nativescript.org/tns.xsd"
  xmlns:drawer="nativescript-telerik-ui/sidedrawer"
  xmlns:widgets="shared/widgets"
  loaded="pageLoaded">
  <ActionBar title="Action Items">
    <ActionItem tap="toggleDrawerLeft"
        ios.systemIcon="9" ios.position="left"
        android.systemIcon="ic_menu_share" android.position="actionBar"/>
    <ActionItem tap="toggleDrawer"
        ios.systemIcon="16" ios.position="right" />
  </ActionBar>

    <drawer:rad-side-drawer id="drawer">
      <drawer:rad-side-drawer.mainContent>

        <!-- About page contents -->
        <stack-layout>
          <label textWrap="true" text="NativeScript is a framework for building native iOS and Android apps using JavaScript and CSS. NativeScript renders UIs with the native platform’s rendering engine—no WebViews—resulting in native-like performance and UX." />

          <label textWrap="true" text="NativeScript provides a best-of-both-worlds development experience. Our cross-platform JavaScript modules give you the convenience of writing iOS and Android apps from a single JavaScript codebase, while our runtimes give you the power of accessing native APIs, SDKs, and frameworks when you need them—all without needing to open Xcode or Android Studio. NativeScript was created and is supported by Telerik." />
          <button text="page" tap="onNavigatingTo" />
        </stack-layout>

      </drawer:rad-side-drawer.mainContent>
      <drawer:rad-side-drawer.drawerContent>
        <widgets:drawer-content />
      </drawer:rad-side-drawer.drawerContent>
    </drawer:rad-side-drawer>

  </page>
